{
    "prob_true": [
        0.3333333333333333,
        0.6206896551724138,
        0.7032967032967034,
        0.7403846153846154,
        0.9186991869918699,
        0.9583333333333334,
        0.9984276729559748
    ],
    "prob_pred": [
        0.35189864370558,
        0.45551097598569146,
        0.5515661586771955,
        0.654274046421051,
        0.7578033528676847,
        0.8590670801699162,
        0.9932327850982655
    ]
}