{
    "train_loss": [
        1.2612104184442265,
        0.9980811658147323,
        0.9089522670269118,
        0.8441971074513479,
        0.7944606704893485,
        0.7441002989015881,
        0.7072864899942509,
        0.6697151601802783,
        0.6376053808351415,
        0.6086183034241504,
        0.5793329048584277,
        0.5470191320606056,
        0.5341390703984376,
        0.5032080342502016,
        0.4794307276820989,
        0.4547658960904224,
        0.43531285887116056,
        0.42275805977202635,
        0.40592009742254176,
        0.385254326651938,
        0.366891264288674,
        0.3527930347970135,
        0.3385459025969198,
        0.32707906143444154,
        0.3155340442179525,
        0.30630192078133717,
        0.2899147839192033,
        0.28235464449085335,
        0.2692813473199621,
        0.2594683616941076,
        0.252940044255681,
        0.24896802411443342,
        0.23479268256511365,
        0.2290626100376034,
        0.22198447793101958,
        0.2196254901289412,
        0.20990088128851583,
        0.20344079984403537,
        0.19856662424196705,
        0.19072468569001214,
        0.1841923374528441,
        0.18216051136464942,
        0.1748518124833053,
        0.17854947234073623,
        0.16685891259137522,
        0.16752373702198972,
        0.16211800210059138,
        0.1550314551157902,
        0.15264423209773853,
        0.15061894427834027
    ],
    "val_loss": [
        0.9288821885032774,
        0.7869988323495276,
        0.6939919234357693,
        0.6491433496415507,
        0.612415898419809,
        0.5501307258987631,
        0.5001698111609256,
        0.44841951351286674,
        0.42433252755766027,
        0.3985067945232595,
        0.37070922426154856,
        0.34153044230761914,
        0.3319801768075359,
        0.29774579657989786,
        0.2824872198860524,
        0.2725377457520764,
        0.2516365250976969,
        0.2238317824296167,
        0.21586455396526377,
        0.20930120519411036,
        0.1765210852547945,
        0.16339883522081378,
        0.14522809840958945,
        0.18156943139134973,
        0.13017904476695522,
        0.12980168849527784,
        0.12833608319527523,
        0.12170796606831849,
        0.0998950418350429,
        0.11447420270948341,
        0.10999367892429213,
        0.09977442360061256,
        0.09581633801638217,
        0.0856848398831285,
        0.10534354753391964,
        0.0831452648052707,
        0.07610984716487008,
        0.06355575701709706,
        0.0693237376898838,
        0.06989105151034156,
        0.058048372924585756,
        0.06356404636031643,
        0.05582470120850635,
        0.04790309153693158,
        0.05095770591500636,
        0.058078771776397364,
        0.048476580892578475,
        0.045186525386799285,
        0.044355227612705946,
        0.04376660103973224
    ],
    "train_acc": [
        0.5376909453176887,
        0.6346856320566748,
        0.6758080584458711,
        0.7005479300420633,
        0.7195594421075935,
        0.7361633827761789,
        0.7508855435023245,
        0.7660781492140801,
        0.7797487270312154,
        0.7910670799203011,
        0.8004759796324995,
        0.8125415098516715,
        0.816443435908789,
        0.826654859419969,
        0.8345970777064423,
        0.8443103829975648,
        0.8503154748727031,
        0.8564589329200797,
        0.8606652645561214,
        0.869659065751605,
        0.8766880673013062,
        0.8800642019039185,
        0.8854604826212088,
        0.8905246845251273,
        0.8919083462475094,
        0.8975813593092761,
        0.9019537303520035,
        0.9049701129067965,
        0.9096745627628957,
        0.9125249059110029,
        0.913521142351118,
        0.9169802966570733,
        0.9211589550586673,
        0.9227640026566305,
        0.9251715740535754,
        0.9269149878237768,
        0.9302081027230462,
        0.9330307726367058,
        0.9343867611246403,
        0.9367113128182422,
        0.9399490812486163,
        0.9420799203010848,
        0.9411943767987603,
        0.9399490812486163,
        0.9463692716404694,
        0.944155412884658,
        0.9460371928270976,
        0.9483063980518043,
        0.9485554571618331,
        0.9512951073721496
    ],
    "val_acc": [
        0.6541064981949458,
        0.7225857400722022,
        0.7581227436823105,
        0.771322202166065,
        0.7874548736462094,
        0.8062951263537906,
        0.8200586642599278,
        0.8504061371841155,
        0.8594314079422383,
        0.8662003610108303,
        0.869923285198556,
        0.881768953068592,
        0.8862815884476535,
        0.9033167870036101,
        0.9086191335740073,
        0.9139214801444043,
        0.9187725631768953,
        0.925654332129964,
        0.9331001805054152,
        0.9316335740072202,
        0.9417870036101083,
        0.9465252707581228,
        0.9532942238267148,
        0.9403203971119134,
        0.959047833935018,
        0.9608528880866426,
        0.9606272563176895,
        0.9626579422382672,
        0.9689756317689531,
        0.965591155234657,
        0.9653655234657039,
        0.9673962093862816,
        0.9728113718411552,
        0.9720216606498195,
        0.9657039711191335,
        0.9766471119133574,
        0.9748420577617328,
        0.9828519855595668,
        0.9789034296028881,
        0.9781137184115524,
        0.9825135379061372,
        0.9816110108303249,
        0.9848826714801444,
        0.9864620938628159,
        0.9855595667870036,
        0.9817238267148014,
        0.9846570397111913,
        0.9848826714801444,
        0.9882671480144405,
        0.9870261732851986
    ],
    "lr": [
        1e-05,
        1e-05,
        1e-05,
        1e-05,
        1e-05,
        1e-05,
        1e-05,
        1e-05,
        1e-05,
        1e-05,
        1e-05,
        1e-05,
        1e-05,
        1e-05,
        1e-05,
        1e-05,
        1e-05,
        1e-05,
        1e-05,
        1e-05,
        1e-05,
        1e-05,
        1e-05,
        1e-05,
        1e-05,
        1e-05,
        1e-05,
        1e-05,
        1e-05,
        1e-05,
        1e-05,
        1e-05,
        1e-05,
        1e-05,
        1e-05,
        1e-05,
        1e-05,
        1e-05,
        1e-05,
        1e-05,
        1e-05,
        1e-05,
        1e-05,
        1e-05,
        1e-05,
        1e-05,
        1e-05,
        1e-05,
        1e-05,
        1e-05
    ]
}