{
    "prob_true": [
        0.0,
        0.0,
        0.45,
        0.43243243243243246,
        0.7446808510638298,
        0.625,
        0.8390804597701149,
        0.9970977478523334
    ],
    "prob_pred": [
        0.29326948523521423,
        0.36081208288669586,
        0.45805917382240297,
        0.5477266472739142,
        0.6504093548084827,
        0.7503156129802976,
        0.8566210201416893,
        0.9980491863372073
    ]
}