{
    "train_loss": [
        0.7483171455451602,
        0.39147444695847894,
        0.2651074743090094,
        0.19238301373825206,
        0.1405039749823499,
        0.10976244351202497,
        0.08879442888074726,
        0.0676277358730678,
        0.05291566064258395,
        0.04101971507349557,
        0.039410248103941045,
        0.03143161701033119,
        0.029353036119864267,
        0.025248157856328206,
        0.022246128392177152,
        0.020004477751277797,
        0.018975112717107966,
        0.015574826925740599,
        0.018750832404158656,
        0.01905791275079519,
        0.016963502330730677,
        0.0129161380614466,
        0.010915466143655017,
        0.01240056095397826,
        0.015572599106680008,
        0.01116076653144094,
        0.012638447100273112,
        0.0103020268135294,
        0.010507820611409324,
        0.01186627484650308,
        0.009483509859285023,
        0.008722059417558055,
        0.006306407423696147,
        0.0077118194501831355,
        0.00831764049505172,
        0.010240145584405292,
        0.006742228716932475,
        0.007828201838097485,
        0.005863366020525455,
        0.007121828717887006,
        0.00919664612538935,
        0.004938803425869841,
        0.0077506071887498,
        0.006543986398692888,
        0.007809429017211256,
        0.008115907622559397,
        0.0031014391479245495,
        0.0026164056678818657,
        0.002291513037786557,
        0.00228579829010691
    ],
    "val_loss": [
        1.136250513730174,
        0.8289589932195116,
        0.5690711447515185,
        0.6228730067920061,
        0.6040851542976641,
        0.4633842662286975,
        0.4601224474613101,
        0.36722586794448714,
        0.3015036119827085,
        0.35398335713957896,
        0.2643315237952062,
        0.24114254243529631,
        0.22700678399660615,
        0.23908919318884256,
        0.21906223255938798,
        0.19613335198656692,
        0.1530974846451493,
        0.21077587555509544,
        0.19057446603723366,
        0.13230118829537804,
        0.12151980019692081,
        0.13419407993104696,
        0.10401619407508038,
        0.10988463434506929,
        0.14181133747206004,
        0.10746462593840739,
        0.09327292881621509,
        0.11409026062451615,
        0.08707270537058652,
        0.10281753026802994,
        0.0684347820493148,
        0.068636249208229,
        0.08313949541465368,
        0.08161354578847284,
        0.061414145181105356,
        0.08866746724870675,
        0.06643162305381042,
        0.07192709807690341,
        0.05610768904946843,
        0.05031662929779703,
        0.048450830772898724,
        0.04802546088567167,
        0.058772007821374206,
        0.0610200784564377,
        0.07705381268521709,
        0.05070154140630358,
        0.04201056401956396,
        0.03827031617149279,
        0.04705791345760101,
        0.04054106625240846
    ],
    "train_acc": [
        0.7359973433694931,
        0.8705722824883773,
        0.9147387646668143,
        0.9407792782820456,
        0.9571064866061545,
        0.9674562762895728,
        0.9749003763559885,
        0.981984724374585,
        0.9867168474651318,
        0.9904804073500111,
        0.9899269426610582,
        0.9926389196369272,
        0.9926942661058225,
        0.9938011954837281,
        0.9948527783927386,
        0.995046491033872,
        0.9955446092539296,
        0.9964578259907018,
        0.9954892627850344,
        0.9951018375027674,
        0.9956553021917202,
        0.9973433694930264,
        0.9977031215408457,
        0.9972050033207881,
        0.9955722824883773,
        0.9972603497896834,
        0.9966792118662829,
        0.9973433694930264,
        0.9975370821341598,
        0.9966238653973877,
        0.9975647553686074,
        0.9979521806508744,
        0.998533318574275,
        0.9977861412441886,
        0.9979521806508744,
        0.9971773300863405,
        0.9980075271197698,
        0.9979245074164268,
        0.9983396059331414,
        0.9982842594642461,
        0.9974817356652645,
        0.9990037635598848,
        0.9976201018375027,
        0.9982565862297985,
        0.9978968341819792,
        0.997758468009741,
        0.9992528226699137,
        0.9993911888421518,
        0.9994742085454948,
        0.9993635156077042
    ],
    "val_acc": [
        0.6821976534296029,
        0.7569945848375451,
        0.8138537906137184,
        0.8103564981949458,
        0.8076489169675091,
        0.8515342960288809,
        0.8753384476534296,
        0.8796254512635379,
        0.9029783393501805,
        0.8927120938628159,
        0.9186597472924187,
        0.9229467509025271,
        0.9272337545126353,
        0.9265568592057761,
        0.9301669675090253,
        0.9414485559566786,
        0.9526173285198556,
        0.9375,
        0.9408844765342961,
        0.9593862815884476,
        0.9628835740072202,
        0.9541967509025271,
        0.9646886281588448,
        0.9637861010830325,
        0.9549864620938628,
        0.9640117328519856,
        0.9703294223826715,
        0.9661552346570397,
        0.9713447653429603,
        0.9669449458483754,
        0.9775496389891697,
        0.9772111913357401,
        0.9741651624548736,
        0.9745036101083032,
        0.9808212996389891,
        0.971908844765343,
        0.9792418772563177,
        0.9761958483754513,
        0.9821750902527075,
        0.9834160649819494,
        0.985221119133574,
        0.985221119133574,
        0.9809341155234657,
        0.9819494584837545,
        0.9747292418772563,
        0.9840929602888087,
        0.986687725631769,
        0.9879287003610109,
        0.9851083032490975,
        0.9874774368231047
    ],
    "lr": [
        5e-05,
        5e-05,
        5e-05,
        5e-05,
        5e-05,
        5e-05,
        5e-05,
        5e-05,
        5e-05,
        5e-05,
        5e-05,
        5e-05,
        5e-05,
        5e-05,
        5e-05,
        5e-05,
        5e-05,
        5e-05,
        5e-05,
        5e-05,
        5e-05,
        5e-05,
        5e-05,
        5e-05,
        5e-05,
        5e-05,
        5e-05,
        5e-05,
        5e-05,
        5e-05,
        5e-05,
        5e-05,
        5e-05,
        5e-05,
        5e-05,
        5e-05,
        5e-05,
        5e-05,
        5e-05,
        5e-05,
        5e-05,
        5e-05,
        5e-05,
        5e-05,
        5e-05,
        1e-05,
        1e-05,
        1e-05,
        1e-05,
        1e-05
    ]
}