{
    "prob_true": [
        0.14285714285714285,
        0.5,
        0.6170212765957447,
        0.7,
        0.7741935483870968,
        0.8942307692307693,
        0.9958289885297185
    ],
    "prob_pred": [
        0.3567350081035069,
        0.46626361991677967,
        0.5476970571152707,
        0.6524038326740265,
        0.7524011635011242,
        0.8609551563858986,
        0.988953160108441
    ]
}