{
    "train_loss": [
        0.7622279820583129,
        0.3633811887265413,
        0.2388546920723954,
        0.16068251342907505,
        0.12113856274996655,
        0.08892240094873317,
        0.06929578816360252,
        0.05295939172313149,
        0.041384174926620894,
        0.03405250969574017,
        0.031507764586455954,
        0.027465433148695668,
        0.02199346594345868,
        0.019947932339719778,
        0.019284563034340715,
        0.019656781584704006,
        0.016726302139696912,
        0.013958922241774642,
        0.010657252754870937,
        0.009998806721131069,
        0.009193766805866413,
        0.009171506751618186,
        0.009087835474012766,
        0.009886431502405523,
        0.008108379759559586,
        0.007666104246992334,
        0.008342120119341448,
        0.00709030458995178,
        0.007976505930956312,
        0.008152261509677365,
        0.007356413143184073,
        0.007608415626767979,
        0.008064369759086304,
        0.0082213922156541,
        0.0076949699739155475,
        0.008072650016140945,
        0.007177586160393591,
        0.007426344016074098,
        0.007474827611596646,
        0.007404414301860615,
        0.00767321385961139,
        0.007819553398837921,
        0.007522406349919831,
        0.007728586129564606,
        0.007953022497497665,
        0.007787934991141185,
        0.008143100998050374,
        0.007527716111046222,
        0.007477853701214677,
        0.0070238432937477155
    ],
    "val_loss": [
        0.8439804696434241,
        1.218110693060534,
        0.8606319191331037,
        0.5174061806354712,
        0.4232576608335068,
        0.45808605990954254,
        0.2930004053651641,
        0.2979757105797153,
        0.2987951266777698,
        0.2905261201972297,
        0.23440515775811802,
        0.24906146413367578,
        0.1583735572967665,
        0.25318520073106493,
        0.17984728225496754,
        0.19883299596600962,
        0.17358744372563295,
        0.19346065281567565,
        0.13331070327156289,
        0.13860374539821588,
        0.13987613258427783,
        0.15392416555540375,
        0.13674573070959722,
        0.13620361972546427,
        0.14218710103981694,
        0.15911057997336914,
        0.1614257541950792,
        0.14146233498226407,
        0.14353690701259456,
        0.1335169029063192,
        0.13885651178916897,
        0.15713987488170164,
        0.127440359891436,
        0.12686169446430873,
        0.1452101824052013,
        0.15536425052637684,
        0.13240990651702503,
        0.12141933589745044,
        0.12481138397584794,
        0.12561966894011245,
        0.13248291654539185,
        0.13389712528473552,
        0.14788756160643826,
        0.13877089441306756,
        0.12751069378413743,
        0.1520823255119953,
        0.16466793792140721,
        0.13469141196049347,
        0.14181630519918076,
        0.14129899685365224
    ],
    "train_acc": [
        0.734226256364844,
        0.8807837059995572,
        0.9253929599291565,
        0.9562762895727253,
        0.969448749169803,
        0.9801859641354882,
        0.9860526898383883,
        0.9915873367279168,
        0.9921408014168696,
        0.9950188177994244,
        0.9944653531104716,
        0.995129510737215,
        0.996900597741864,
        0.9971219836174452,
        0.9964578259907018,
        0.9970112906796547,
        0.9971219836174452,
        0.9977861412441886,
        0.9983396059331414,
        0.9980075271197698,
        0.9983396059331414,
        0.9982289129953509,
        0.9984502988709321,
        0.9978968341819792,
        0.9984502988709321,
        0.9982289129953509,
        0.9978968341819792,
        0.9990037635598848,
        0.9986716847465131,
        0.9983396059331414,
        0.9985609918087226,
        0.9985609918087226,
        0.9983396059331414,
        0.9982289129953509,
        0.9985609918087226,
        0.9983396059331414,
        0.9988930706220943,
        0.9984502988709321,
        0.9983396059331414,
        0.9987823776843038,
        0.9983396059331414,
        0.9982289129953509,
        0.9983396059331414,
        0.9981182200575603,
        0.9984502988709321,
        0.9984502988709321,
        0.9984502988709321,
        0.9985609918087226,
        0.9982289129953509,
        0.9988930706220943
    ],
    "val_acc": [
        0.7351083032490975,
        0.6764440433212996,
        0.7739169675090253,
        0.828971119133574,
        0.8614620938628159,
        0.8528880866425993,
        0.9029783393501805,
        0.8975631768953068,
        0.8966606498194946,
        0.904783393501805,
        0.9201263537906137,
        0.9196750902527075,
        0.9458483754512635,
        0.9151624548736462,
        0.9404332129963899,
        0.9354693140794224,
        0.9408844765342961,
        0.9336642599277978,
        0.9548736462093863,
        0.9494584837545126,
        0.9526173285198556,
        0.944043321299639,
        0.9512635379061372,
        0.9544223826714802,
        0.9526173285198556,
        0.9444945848375451,
        0.9435920577617328,
        0.9526173285198556,
        0.9503610108303249,
        0.9553249097472925,
        0.9548736462093863,
        0.9458483754512635,
        0.9589350180505415,
        0.9575812274368231,
        0.9517148014440433,
        0.9449458483754513,
        0.9571299638989169,
        0.9611913357400722,
        0.9589350180505415,
        0.9580324909747292,
        0.9593862815884476,
        0.9562274368231047,
        0.9499097472924187,
        0.953971119133574,
        0.9589350180505415,
        0.9490072202166066,
        0.9399819494584838,
        0.9575812274368231,
        0.953971119133574,
        0.9530685920577617
    ],
    "lr": [
        5e-05,
        5e-05,
        5e-05,
        5e-05,
        5e-05,
        5e-05,
        5e-05,
        5e-05,
        5e-05,
        5e-05,
        5e-05,
        5e-05,
        5e-05,
        5e-05,
        5e-05,
        5e-05,
        5e-05,
        1e-05,
        1e-05,
        1e-05,
        1e-05,
        1e-05,
        1e-05,
        2.0000000000000003e-06,
        2.0000000000000003e-06,
        2.0000000000000003e-06,
        2.0000000000000003e-06,
        2.0000000000000003e-06,
        4.000000000000001e-07,
        4.000000000000001e-07,
        4.000000000000001e-07,
        4.000000000000001e-07,
        4.000000000000001e-07,
        4.000000000000001e-07,
        4.000000000000001e-07,
        4.000000000000001e-07,
        4.000000000000001e-07,
        4.000000000000001e-07,
        4.000000000000001e-07,
        4.000000000000001e-07,
        4.000000000000001e-07,
        4.000000000000001e-07,
        8.000000000000003e-08,
        8.000000000000003e-08,
        8.000000000000003e-08,
        8.000000000000003e-08,
        8.000000000000003e-08,
        1.6000000000000008e-08,
        1.6000000000000008e-08,
        1.6000000000000008e-08
    ]
}