epoch,accuracy,learning_rate,loss,val_accuracy,val_loss
0,0.647614061832428,0.0010000000474974513,0.924462616443634,0.8103564977645874,0.5524254441261292
1,0.8262519240379333,0.0010000000474974513,0.49736058712005615,0.853564977645874,0.41709595918655396
2,0.901506781578064,0.0010000000474974513,0.29119375348091125,0.9047833681106567,0.2718833088874817
3,0.9360458850860596,0.0010000000474974513,0.1944744735956192,0.940997302532196,0.1744786947965622
4,0.9548249244689941,0.0010000000474974513,0.13523706793785095,0.9414485692977905,0.18183283507823944
5,0.9610846638679504,0.0010000000474974513,0.1168285682797432,0.9557761549949646,0.13581925630569458
6,0.9698648452758789,0.0010000000474974513,0.09094779938459396,0.9546480178833008,0.15380693972110748
7,0.9736871123313904,0.0010000000474974513,0.07948145270347595,0.9334385991096497,0.22026868164539337
8,0.9743795990943909,0.0010000000474974513,0.07860022038221359,0.9476534128189087,0.18957604467868805
