Model,Device,Avg_Accuracy,Std_Accuracy,Avg_Time,Std_Time
DeeperCNN,CPU,91.538809,0.000000,0.020155,0.000000
ResNet50,CPU,95.690433,0.000000,0.098290,0.000000
ViT-B/16,CPU,99.909747,0.000000,0.184429,0.000000
