{
    "prob_true": [
        1.0,
        0.6666666666666666,
        0.6,
        0.7391304347826086,
        0.8974358974358975,
        0.9555555555555556,
        0.976,
        0.9994910941475827
    ],
    "prob_pred": [
        0.2677288353443146,
        0.3930459221204122,
        0.4597565690676371,
        0.5420404646707617,
        0.650495463456863,
        0.7508124669392904,
        0.8573372373580933,
        0.9894799086883778
    ]
}