{
    "train_loss": [
        1.5229591951978294,
        1.0372421427429686,
        0.9061300337961191,
        0.8188496855526126,
        0.7751378482333426,
        0.7177374701281419,
        0.6963925436056634,
        0.6624636673573664,
        0.6371187842839688,
        0.617305622550537,
        0.5871517359616616,
        0.5615912555909299,
        0.5449951818249568,
        0.5372688448848728,
        0.516783870741781,
        0.4914641691990756,
        0.48588720551892567,
        0.48020079517512293,
        0.4624204194358368,
        0.45543616207822485,
        0.43929561589285154,
        0.443135050121915,
        0.4122470334907905,
        0.4118576955288576,
        0.392614471996836,
        0.39813560234225637,
        0.3825524864350902,
        0.3793723145918374,
        0.3616902870178645,
        0.35128921569911203,
        0.3373627969588963,
        0.33726778129626617,
        0.3352322240226269,
        0.3156284467490975,
        0.3150594152917581,
        0.31927580755053037,
        0.3069731385696771,
        0.30784136939687434,
        0.2881165637309134,
        0.28113967434267884,
        0.2745823012745325,
        0.27933505370813794,
        0.27477806624464685,
        0.25424990712448325,
        0.2634300217048927,
        0.2510953806513887,
        0.2519049773919311,
        0.24672339046743028,
        0.24558095486522485,
        0.21183384223561755
    ],
    "val_loss": [
        1.0333886959922873,
        0.8190208129073738,
        0.6788466863253487,
        0.6294244298112952,
        0.549229655132397,
        0.5928029079420579,
        0.4916439728360852,
        0.47389398676945094,
        0.43081724159554025,
        0.4047475217602851,
        0.3657110137360621,
        0.38924192244755207,
        0.3550821575352969,
        0.30880216364866453,
        0.30172093995823274,
        0.2795881701629972,
        0.29365086061577395,
        0.29156008341588374,
        0.2542931087826133,
        0.27420498249171443,
        0.2386276325688358,
        0.22325986817089122,
        0.2094388013009641,
        0.22736288680584046,
        0.19837736067091474,
        0.18126874878272978,
        0.1776657909632321,
        0.1518484695986021,
        0.1783463235167847,
        0.1505030291104548,
        0.14605369896372436,
        0.13997462144565334,
        0.13731276813729765,
        0.12403811864758293,
        0.1210435273429204,
        0.150344943452882,
        0.1143569441600274,
        0.12653704543355498,
        0.11678227805532515,
        0.10710390667094419,
        0.09526006537989716,
        0.11333586054514515,
        0.07851351991284047,
        0.07221260981573109,
        0.08633416410832286,
        0.07137297170693963,
        0.0793618511064785,
        0.09056634368513213,
        0.07395963306078143,
        0.054944283406070306
    ],
    "train_acc": [
        0.47055567854770863,
        0.6243081691388089,
        0.6686960371928271,
        0.7067744077927828,
        0.7275846800974097,
        0.7530440557892406,
        0.7597963249944654,
        0.7711976975868939,
        0.7878016382554793,
        0.7891299535089661,
        0.8011954837281381,
        0.8076156741199911,
        0.8135930927606818,
        0.8158069515164933,
        0.8222271419083462,
        0.8349568297542617,
        0.8325215851228691,
        0.8365065308833296,
        0.8406021695815807,
        0.8450298870932035,
        0.846690281160062,
        0.8474651317245959,
        0.8584237325658624,
        0.856431259685632,
        0.865950852335621,
        0.8632942218286473,
        0.8687181757803852,
        0.8703785698472437,
        0.8750276732344476,
        0.8789019260571176,
        0.8821120212530441,
        0.8834403365065309,
        0.8876466681425725,
        0.8926278503431481,
        0.8938454726588444,
        0.8914102280274518,
        0.8976090325437237,
        0.8958379455390746,
        0.900376355988488,
        0.9038078370599956,
        0.9079034757582466,
        0.9072393181315032,
        0.9077927828204561,
        0.9156519814035865,
        0.9098959486384769,
        0.9152092096524241,
        0.9159840602169581,
        0.9183086119105601,
        0.9155412884657959,
        0.9319238432588001
    ],
    "val_acc": [
        0.6398916967509025,
        0.7080324909747292,
        0.7653429602888087,
        0.7770758122743683,
        0.8136281588447654,
        0.7725631768953068,
        0.8465703971119134,
        0.842057761732852,
        0.8628158844765343,
        0.8659747292418772,
        0.884927797833935,
        0.8637184115523465,
        0.8862815884476535,
        0.8984657039711191,
        0.8993682310469314,
        0.9038808664259927,
        0.9029783393501805,
        0.898014440433213,
        0.9156137184115524,
        0.9029783393501805,
        0.9264440433212996,
        0.9287003610108303,
        0.9273465703971119,
        0.9165162454873647,
        0.9381768953068592,
        0.9395306859205776,
        0.9444945848375451,
        0.9494584837545126,
        0.9408844765342961,
        0.9566787003610109,
        0.9485559566787004,
        0.9548736462093863,
        0.9598375451263538,
        0.9634476534296029,
        0.9616425992779783,
        0.9517148014440433,
        0.9706678700361011,
        0.9562274368231047,
        0.967057761732852,
        0.970216606498195,
        0.9720216606498195,
        0.9688628158844765,
        0.9792418772563177,
        0.9851083032490975,
        0.9765342960288809,
        0.9842057761732852,
        0.980595667870036,
        0.9747292418772563,
        0.976985559566787,
        0.9896209386281588
    ],
    "lr": [
        1e-05,
        1e-05,
        1e-05,
        1e-05,
        1e-05,
        1e-05,
        1e-05,
        1e-05,
        1e-05,
        1e-05,
        1e-05,
        1e-05,
        1e-05,
        1e-05,
        1e-05,
        1e-05,
        1e-05,
        1e-05,
        1e-05,
        1e-05,
        1e-05,
        1e-05,
        1e-05,
        1e-05,
        1e-05,
        1e-05,
        1e-05,
        1e-05,
        1e-05,
        1e-05,
        1e-05,
        1e-05,
        1e-05,
        1e-05,
        1e-05,
        1e-05,
        1e-05,
        1e-05,
        1e-05,
        1e-05,
        1e-05,
        1e-05,
        1e-05,
        1e-05,
        1e-05,
        1e-05,
        1e-05,
        1e-05,
        2.0000000000000003e-06,
        2.0000000000000003e-06
    ]
}